Model,Accuracy,Precision,Recall,F1-Score
GCN,0.9444,0.9451050642259364,0.9444,0.9443779731211358
