Model,Accuracy,Precision,Recall,F1-Score
Random Forest,0.9695,0.9659278862057559,0.9733333333333334,0.9696164701975759
XGBoost,0.9813333333333333,0.9806924101198402,0.982,0.9813457694870087
