Model,Accuracy,Precision,Recall,F1-Score
CNN,0.9225337559015329,0.9221077143603161,0.9230151724064359,0.9225612202328988
