Model,Accuracy,Precision,Recall,F1-Score
Random Forest,0.8948890491815519,0.9264405158956458,0.8578637017044621,0.8908342899555362
XGBoost,0.845282173604065,0.8568656206238767,0.8290017255311942,0.8427034068435086
Neural Network,0.8672430091584591,0.8666244198833243,0.8680435356587556,0.867333397288309
